arm,game_number,run_index,random_seed,method,llm_model,self_report,rationale_inheritance,sigma_mode,selection_mode_logged,max_generations,trace_schema_version,provenance_hash,run_config_timestamp,file,sha256
A1,1303,0,0,ea_llm_self_adaptive,qwen3:14b,True,True,frozen_uniform,,50,3,bd9f2858283673a2,2026-07-21T23:03:12,traces/batch/traces/rq1_A1/ea_llm_self_adaptive_api_1303_run1_20260721_233700.json,4be99faf8f1e884043f9af5b60b0c59d1c68a9a314a0d25f38f498a176288904
A1,1303,1,1,ea_llm_self_adaptive,qwen3:14b,True,True,frozen_uniform,,50,3,bd9f2858283673a2,2026-07-21T23:37:00,traces/batch/traces/rq1_A1/ea_llm_self_adaptive_api_1303_run2_20260721_235308.json,abc30c035fbc97a4a00053f987573ee55e3a30d87eae92c8cf75e2ab6f47f61b
A1,1303,2,2,ea_llm_self_adaptive,qwen3:14b,True,True,frozen_uniform,,50,3,bd9f2858283673a2,2026-07-21T23:53:08,traces/batch/traces/rq1_A1/ea_llm_self_adaptive_api_1303_run3_20260722_015443.json,0ad748aeb6587cd0459952f4f034e7105b911cc15dafb55921c6034a44237719
A1,1303,3,3,ea_llm_self_adaptive,qwen3:14b,True,True,frozen_uniform,,50,3,bd9f2858283673a2,2026-07-22T01:54:43,traces/batch/traces/rq1_A1/ea_llm_self_adaptive_api_1303_run4_20260722_032823.json,834af18922909be3f12a05ee2d7e94be8e04c22d7ee9c004ea438260ada7c4e5
A1,1303,4,4,ea_llm_self_adaptive,qwen3:14b,True,True,frozen_uniform,,50,3,bd9f2858283673a2,2026-07-22T03:28:23,traces/batch/traces/rq1_A1/ea_llm_self_adaptive_api_1303_run5_20260722_034211.json,47dd28e5cb711dc71568315f0d147485f44e647a6bced93171c9c2291e4f7984
A1,1307,0,0,ea_llm_self_adaptive,qwen3:14b,True,True,frozen_uniform,,50,3,bd9f2858283673a2,2026-07-22T15:20:32,traces/batch/traces/rq1_A1/ea_llm_self_adaptive_api_1307_run1_20260722_160312.json,c289936001ea5c52d0f293d3b30b3a62fc98e44c8fae71e3a828a5a9a27cda7e
A1,1307,1,1,ea_llm_self_adaptive,qwen3:14b,True,True,frozen_uniform,,50,3,bd9f2858283673a2,2026-07-22T16:03:12,traces/batch/traces/rq1_A1/ea_llm_self_adaptive_api_1307_run2_20260722_171316.json,45811d0c31f39fe96aaada4c59f15719b4b6d1968058b7748b58daa4a2d7bec8
A1,1307,2,2,ea_llm_self_adaptive,qwen3:14b,True,True,frozen_uniform,,50,3,bd9f2858283673a2,2026-07-22T17:13:16,traces/batch/traces/rq1_A1/ea_llm_self_adaptive_api_1307_run3_20260722_181845.json,72aa40f098397f1113087f887dc7818885e956a199c4904f08afdcac8f13eb3c
A1,1307,3,3,ea_llm_self_adaptive,qwen3:14b,True,True,frozen_uniform,,50,3,bd9f2858283673a2,2026-07-22T18:18:45,traces/batch/traces/rq1_A1/ea_llm_self_adaptive_api_1307_run4_20260722_184920.json,36ba2cfa80f74d2e5f97439d61b8479e4a5c2fbc32199c5fe8a84a483f35ce30
A1,1307,4,4,ea_llm_self_adaptive,qwen3:14b,True,True,frozen_uniform,,50,3,bd9f2858283673a2,2026-07-22T18:49:20,traces/batch/traces/rq1_A1/ea_llm_self_adaptive_api_1307_run5_20260722_201412.json,8ac1f9846d6a56d3261e83fc86e9e0d4967c433bdba03e6c073428912f5b1317
A1,1319,0,0,ea_llm_self_adaptive,qwen3:14b,True,True,frozen_uniform,,50,3,bd9f2858283673a2,2026-07-22T16:44:34,traces/batch/traces/rq1_A1/ea_llm_self_adaptive_api_1319_run1_20260722_201805.json,56f5dadac08d132fe38e9165a27b8d4d4ed5e6a26be3c47cd7f2cc2870f41557
A1,1319,1,1,ea_llm_self_adaptive,qwen3:14b,True,True,frozen_uniform,,50,3,bd9f2858283673a2,2026-07-22T20:18:05,traces/batch/traces/rq1_A1/ea_llm_self_adaptive_api_1319_run2_20260722_211439.json,d753c494ca56e023504dfc31b05ce318d7a177b125b6a7429a0a75ed55c3b715
A1,1319,2,2,ea_llm_self_adaptive,qwen3:14b,True,True,frozen_uniform,,50,3,bd9f2858283673a2,2026-07-22T21:14:39,traces/batch/traces/rq1_A1/ea_llm_self_adaptive_api_1319_run3_20260722_231154.json,12e8c0134fbb89ee626bc10a13533e0af5f916700da1a8cdbb98ef3292c61a9c
A1,1319,3,3,ea_llm_self_adaptive,qwen3:14b,True,True,frozen_uniform,,50,3,bd9f2858283673a2,2026-07-22T23:11:54,traces/batch/traces/rq1_A1/ea_llm_self_adaptive_api_1319_run4_20260723_015115.json,9c0eb6df9ae8115f5440ea811fd8b8969a8dc7fe90bc0031c7b433ed330f8da9
A1,1319,4,4,ea_llm_self_adaptive,qwen3:14b,True,True,frozen_uniform,,50,3,bd9f2858283673a2,2026-07-23T01:51:15,traces/batch/traces/rq1_A1/ea_llm_self_adaptive_api_1319_run5_20260723_025430.json,7557eb3e6394cf0ea1f9eaf75b4959d0f194e122c86ab1802ec38619b47cc4ed
A1,1327,0,0,ea_llm_self_adaptive,qwen3:14b,True,True,frozen_uniform,,50,3,bd9f2858283673a2,2026-08-03T15:15:20,traces/batch/traces/rq1_A1/ea_llm_self_adaptive_api_1327_run1_20260803_160743.json,d155e0975c674b7607e6ca61734b544129aaedd72124908db28a2c3c3d648415
A1,1327,1,1,ea_llm_self_adaptive,qwen3:14b,True,True,frozen_uniform,,50,3,bd9f2858283673a2,2026-08-03T16:07:43,traces/batch/traces/rq1_A1/ea_llm_self_adaptive_api_1327_run2_20260803_170815.json,61da2e612697bf9ef266256727e7287bfc5f6007ed7bc79ab335d28457507df9
A1,1327,2,2,ea_llm_self_adaptive,qwen3:14b,True,True,frozen_uniform,,50,3,bd9f2858283673a2,2026-08-03T17:08:15,traces/batch/traces/rq1_A1/ea_llm_self_adaptive_api_1327_run3_20260803_173302.json,7ae60047ebdb54785d4a8bbe859c5e16086cea3639d7154962095240229337e6
A1,1327,3,3,ea_llm_self_adaptive,qwen3:14b,True,True,frozen_uniform,,50,3,bd9f2858283673a2,2026-08-03T17:33:02,traces/batch/traces/rq1_A1/ea_llm_self_adaptive_api_1327_run4_20260803_173929.json,21f324a106104454e1bd6e0b8cd64d53fc6f4d81e69a993af4d34ad112726d2d
A1,1327,4,4,ea_llm_self_adaptive,qwen3:14b,True,True,frozen_uniform,,50,3,bd9f2858283673a2,2026-08-03T17:39:29,traces/batch/traces/rq1_A1/ea_llm_self_adaptive_api_1327_run5_20260803_181102.json,6c20232a3d7eef91b5fc5a9e49e811a3415cf4da49a6150393bb5cbc349e6f87
A1,1335,0,0,ea_llm_self_adaptive,qwen3:14b,True,True,frozen_uniform,,50,3,bd9f2858283673a2,2026-08-03T15:15:20,traces/batch/traces/rq1_A1/ea_llm_self_adaptive_api_1335_run1_20260803_153531.json,2834a980687ea5891a3b18310b0982632766d54f0ba7df78a90000fb9d386659
A1,1335,1,1,ea_llm_self_adaptive,qwen3:14b,True,True,frozen_uniform,,50,3,bd9f2858283673a2,2026-08-03T15:35:32,traces/batch/traces/rq1_A1/ea_llm_self_adaptive_api_1335_run2_20260803_175422.json,d0458b227a57aac0e9d58121973ff190d15c1ff65d30be833b39a36edd702e58
A1,1335,2,2,ea_llm_self_adaptive,qwen3:14b,True,True,frozen_uniform,,50,3,bd9f2858283673a2,2026-08-03T17:54:22,traces/batch/traces/rq1_A1/ea_llm_self_adaptive_api_1335_run3_20260803_185819.json,5bcfdb4c182fab96c3076335e5f605c8fff8d63a83e9b897c4e1db9bcef067d7
A1,1335,3,3,ea_llm_self_adaptive,qwen3:14b,True,True,frozen_uniform,,50,3,bd9f2858283673a2,2026-08-03T18:58:19,traces/batch/traces/rq1_A1/ea_llm_self_adaptive_api_1335_run4_20260803_191631.json,bb89dfc047655b30a70ba6f7755c77fed2dc9d361c0a308f86fe95ed2d102898
A1,1335,4,4,ea_llm_self_adaptive,qwen3:14b,True,True,frozen_uniform,,50,3,bd9f2858283673a2,2026-08-03T19:16:31,traces/batch/traces/rq1_A1/ea_llm_self_adaptive_api_1335_run5_20260803_192702.json,4da70205b33918aa199d29617988370d6fc8a9005ae1f2388e43e0a1ec1e5017
A1,1352,0,0,ea_llm_self_adaptive,qwen3:14b,True,True,frozen_uniform,,50,3,bd9f2858283673a2,2026-07-22T16:44:34,traces/batch/traces/rq1_A1/ea_llm_self_adaptive_api_1352_run1_20260722_182747.json,acbd77e5f8f9a1257fa0fb48ae1792d0daf45e1deadf292e1189c614b538b8c5
A1,1352,1,1,ea_llm_self_adaptive,qwen3:14b,True,True,frozen_uniform,,50,3,bd9f2858283673a2,2026-07-22T18:27:47,traces/batch/traces/rq1_A1/ea_llm_self_adaptive_api_1352_run2_20260722_195659.json,f7476a3ed30ed6187e1a2130d2d39954a34a4170aa2c298cf49e4206f98ea3a3
A1,1352,2,2,ea_llm_self_adaptive,qwen3:14b,True,True,frozen_uniform,,50,3,bd9f2858283673a2,2026-07-22T19:56:59,traces/batch/traces/rq1_A1/ea_llm_self_adaptive_api_1352_run3_20260722_204210.json,825db1eab5827a578d32610b2d3a3ee3b67e99369af05a7f00904ee95efee7e2
A1,1352,3,3,ea_llm_self_adaptive,qwen3:14b,True,True,frozen_uniform,,50,3,bd9f2858283673a2,2026-07-22T20:42:10,traces/batch/traces/rq1_A1/ea_llm_self_adaptive_api_1352_run4_20260722_224638.json,4eb4eb37bdcc304700dc6b57c661fb644853365c957ceae0a03fc8cfa88a0254
A1,1352,4,4,ea_llm_self_adaptive,qwen3:14b,True,True,frozen_uniform,,50,3,bd9f2858283673a2,2026-07-22T22:46:38,traces/batch/traces/rq1_A1/ea_llm_self_adaptive_api_1352_run5_20260723_010249.json,36568ce4974d8a5363ca3fe654be50f08eb1386ca806afb49708bc280390afe3
A1,1364,0,0,ea_llm_self_adaptive,qwen3:14b,True,True,frozen_uniform,,50,3,bd9f2858283673a2,2026-07-22T16:44:34,traces/batch/traces/rq1_A1/ea_llm_self_adaptive_api_1364_run1_20260722_184759.json,94cbbd445a9bd4e313f56df3d123b151a92d7632b377c2af14336ecf06ae1bac
A1,1364,1,1,ea_llm_self_adaptive,qwen3:14b,True,True,frozen_uniform,,50,3,bd9f2858283673a2,2026-07-22T18:47:59,traces/batch/traces/rq1_A1/ea_llm_self_adaptive_api_1364_run2_20260722_205531.json,be6986253cea7e115b9a80ff5cac9630c7fdd6d778acc4d5a62dc82db9aed619
A1,1364,2,2,ea_llm_self_adaptive,qwen3:14b,True,True,frozen_uniform,,50,3,bd9f2858283673a2,2026-07-22T20:55:31,traces/batch/traces/rq1_A1/ea_llm_self_adaptive_api_1364_run3_20260722_210932.json,85401945c335ebbbf56b1531aef515caa4385feabdbd90130f7fc51e3ed76fcf
A1,1364,3,3,ea_llm_self_adaptive,qwen3:14b,True,True,frozen_uniform,,50,3,bd9f2858283673a2,2026-07-22T21:09:32,traces/batch/traces/rq1_A1/ea_llm_self_adaptive_api_1364_run4_20260722_215044.json,23ec9f78eabce1b8116b2dbeaf40feeca79208511c80cb0c1906fb4ae56989ee
A1,1364,4,4,ea_llm_self_adaptive,qwen3:14b,True,True,frozen_uniform,,50,3,bd9f2858283673a2,2026-07-22T21:50:44,traces/batch/traces/rq1_A1/ea_llm_self_adaptive_api_1364_run5_20260722_232301.json,76ce5a1ae7e2a50fb84f9466194ed322203e5a4622ea0b136bb19d3cdf680298
A1,1365,0,0,ea_llm_self_adaptive,qwen3:14b,True,True,frozen_uniform,,50,3,bd9f2858283673a2,2026-07-24T12:16:42,traces/batch/traces/rq1_A1/ea_llm_self_adaptive_api_1365_run1_20260724_172056.json,fb0362dd3911809e4837a06de59fd39cb4a8d0ebf01bcc2aaae9c4ef0471a31e
A1,1365,1,1,ea_llm_self_adaptive,qwen3:14b,True,True,frozen_uniform,,50,3,bd9f2858283673a2,2026-08-03T15:15:20,traces/batch/traces/rq1_A1/ea_llm_self_adaptive_api_1365_run2_20260803_180723.json,a6083fbae6f1bafdc2093a3dbb2711da2149c630e5567b789a8950c68f9670ef
A1,1365,2,2,ea_llm_self_adaptive,qwen3:14b,True,True,frozen_uniform,,50,3,bd9f2858283673a2,2026-07-24T18:10:25,traces/batch/traces/rq1_A1/ea_llm_self_adaptive_api_1365_run3_20260724_194909.json,4ba520f44d17d3165d32d4318de276cb24172c444500f0e78c3710e7a7499d9b
A1,1365,3,3,ea_llm_self_adaptive,qwen3:14b,True,True,frozen_uniform,,50,3,bd9f2858283673a2,2026-07-24T19:49:09,traces/batch/traces/rq1_A1/ea_llm_self_adaptive_api_1365_run4_20260725_005857.json,48de43592e754f3682e89bf26955bd03a2c4a723ae2766292c90ee95cc8a2892
A1,1365,4,4,ea_llm_self_adaptive,qwen3:14b,True,True,frozen_uniform,,50,3,bd9f2858283673a2,2026-07-25T00:58:57,traces/batch/traces/rq1_A1/ea_llm_self_adaptive_api_1365_run5_20260725_024035.json,f0e8975356ee6a6a04fd320bdaf4ca15a52b0492c645e4234193a9c55b9a5643
A1,1372,0,0,ea_llm_self_adaptive,qwen3:14b,True,True,frozen_uniform,,50,3,bd9f2858283673a2,2026-07-22T16:48:52,traces/batch/traces/rq1_A1/ea_llm_self_adaptive_api_1372_run1_20260722_173926.json,e166e9a06721250c898b39e45563ac6b574ca868a768c95814ff2ee147ac1c7c
A1,1372,1,1,ea_llm_self_adaptive,qwen3:14b,True,True,frozen_uniform,,50,3,bd9f2858283673a2,2026-07-22T17:39:26,traces/batch/traces/rq1_A1/ea_llm_self_adaptive_api_1372_run2_20260722_181616.json,00fe3bb1d144134f16924aa6a1104cb854ec2fab4e73056b7257dcb003538e58
A1,1372,2,2,ea_llm_self_adaptive,qwen3:14b,True,True,frozen_uniform,,50,3,bd9f2858283673a2,2026-07-22T18:16:16,traces/batch/traces/rq1_A1/ea_llm_self_adaptive_api_1372_run3_20260722_184837.json,a249605802a89bac366f52998cbd728777846637742f87a42a1ea0dbb200b48c
A1,1372,3,3,ea_llm_self_adaptive,qwen3:14b,True,True,frozen_uniform,,50,3,bd9f2858283673a2,2026-07-22T18:48:37,traces/batch/traces/rq1_A1/ea_llm_self_adaptive_api_1372_run4_20260722_191242.json,74ce95b57fb643cd5af33b92259560aa43663f65553b2449cb2bd7701bb247b2
A1,1372,4,4,ea_llm_self_adaptive,qwen3:14b,True,True,frozen_uniform,,50,3,bd9f2858283673a2,2026-07-22T19:12:42,traces/batch/traces/rq1_A1/ea_llm_self_adaptive_api_1372_run5_20260722_193120.json,3bb6a8424574260e88a9504e4ab9d70d95956312295eefc60b46d13b5dcb9e12
A1,1384,0,0,ea_llm_self_adaptive,qwen3:14b,True,True,frozen_uniform,,50,3,bd9f2858283673a2,2026-07-28T21:56:00,traces/batch/traces/rq1_A1/ea_llm_self_adaptive_api_1384_run1_20260728_223943.json,ab836c59349595d6e693366d9d1c3241896f7b2aa5df74ebdea8c380c37b6f41
A1,1384,1,1,ea_llm_self_adaptive,qwen3:14b,True,True,frozen_uniform,,50,3,bd9f2858283673a2,2026-07-28T22:39:43,traces/batch/traces/rq1_A1/ea_llm_self_adaptive_api_1384_run2_20260728_235849.json,869e06995aff12fab84e4771087b717075cdce076f49f6c95e10da95d8efa362
A1,1384,2,2,ea_llm_self_adaptive,qwen3:14b,True,True,frozen_uniform,,50,3,bd9f2858283673a2,2026-07-28T23:58:50,traces/batch/traces/rq1_A1/ea_llm_self_adaptive_api_1384_run3_20260729_114104.json,e0518f7d9a5b5c85761e36ed552760433f7c50eaf8fb06849c7e68a42781da0b
A1,1384,3,3,ea_llm_self_adaptive,qwen3:14b,True,True,frozen_uniform,,50,3,bd9f2858283673a2,2026-07-29T11:41:04,traces/batch/traces/rq1_A1/ea_llm_self_adaptive_api_1384_run4_20260729_125300.json,e9899d520cb7917e23bdfcdc1f973a772389c54169f756b57931be6d674a8879
A1,1384,4,4,ea_llm_self_adaptive,qwen3:14b,True,True,frozen_uniform,,50,3,bd9f2858283673a2,2026-07-29T12:53:00,traces/batch/traces/rq1_A1/ea_llm_self_adaptive_api_1384_run5_20260729_172325.json,9cce710ca1b95ba39f6df6b017ebf3379b6a8b8766941911fdd44537b5838e85
A2,1303,0,0,llm_only,qwen3:14b,True,False,,,350,3,bd9f2858283673a2,2026-07-28T04:07:52,traces/batch/traces/rq1_A2/llm_only_api_1303_run1_20260729_081254.json,faa04ff7397fdfbbaba2649b3ded2097d4ce7006a58d15e96f461a1258f2e134
A2,1303,1,1,llm_only,qwen3:14b,True,False,,,350,3,bd9f2858283673a2,2026-07-29T08:12:54,traces/batch/traces/rq1_A2/llm_only_api_1303_run2_20260730_033814.json,3d7fc90865838fd08e6f11520c4fdd516ebb1e0d1c53a8b68ff0b8b183a5b315
A2,1303,2,2,llm_only,qwen3:14b,True,False,,,350,3,bd9f2858283673a2,2026-08-04T12:09:21,traces/batch/traces/rq1_A2/llm_only_api_1303_run3_20260805_155703.json,20aebace01ef1368a6f1a8a283de3f53c3ebfb684e3ede22bb95eb0a92d72a75
A2,1303,3,3,llm_only,qwen3:14b,True,False,,,350,3,bd9f2858283673a2,2026-08-05T15:57:03,traces/batch/traces/rq1_A2/llm_only_api_1303_run4_20260807_071819.json,973c219f58793db6e09a6e81cee3883d83f27b159a17ca59e16d42ff3f46c6dd
A2,1303,4,4,llm_only,qwen3:14b,True,False,,,350,3,bd9f2858283673a2,2026-08-07T07:18:20,traces/batch/traces/rq1_A2/llm_only_api_1303_run5_20260808_010834.json,89050a7b967e6fd28fc4ecff36c23bdb25f60402c2d4a55c380522ae6032aaaa
A2,1307,0,0,llm_only,qwen3:14b,True,False,,,350,3,bd9f2858283673a2,2026-07-22T19:50:03,traces/batch/traces/rq1_A2/llm_only_api_1307_run1_20260722_215349.json,d7253c0b3f5fb15efcb377fedc346241e573dfcace2a58f1088c581e611081fb
A2,1307,1,1,llm_only,qwen3:14b,True,False,,,350,3,bd9f2858283673a2,2026-07-22T21:53:49,traces/batch/traces/rq1_A2/llm_only_api_1307_run2_20260722_222740.json,3b5c203728adbcb34efe375bdee2d8af6435f289e51aa9f3c58b9042d6ae293c
A2,1307,2,2,llm_only,qwen3:14b,True,False,,,350,3,bd9f2858283673a2,2026-07-22T22:27:40,traces/batch/traces/rq1_A2/llm_only_api_1307_run3_20260723_041806.json,753e237d09f3d8f708f7764c36bbfffcbf771571f39f9d219fbff60a3e6dd342
A2,1307,3,3,llm_only,qwen3:14b,True,False,,,350,3,bd9f2858283673a2,2026-07-23T04:18:06,traces/batch/traces/rq1_A2/llm_only_api_1307_run4_20260723_045311.json,6520d54084478e8aa552e3a3c35c11693a203244696b7c655c370a192be68007
A2,1307,4,4,llm_only,qwen3:14b,True,False,,,350,3,bd9f2858283673a2,2026-07-23T04:53:11,traces/batch/traces/rq1_A2/llm_only_api_1307_run5_20260723_062934.json,cd013b353439964f94ff1bdfb20317c0d4809527a1e395bf29bc0c2cff3dd984
A2,1319,0,0,llm_only,qwen3:14b,True,False,,,350,3,bd9f2858283673a2,2026-07-28T05:10:52,traces/batch/traces/rq1_A2/llm_only_api_1319_run1_20260729_004304.json,4349ce6d9ea7fa6e55b56fe886d548d30f914b590b6206df56f5f1622a4db1d2
A2,1319,1,1,llm_only,qwen3:14b,True,False,,,350,3,bd9f2858283673a2,2026-07-29T00:43:04,traces/batch/traces/rq1_A2/llm_only_api_1319_run2_20260729_173750.json,739ea83a21f4f855bda0d5292db25a08beecd698e4302231e0565224997c229f
A2,1319,2,2,llm_only,qwen3:14b,True,False,,,350,3,bd9f2858283673a2,2026-07-29T17:37:50,traces/batch/traces/rq1_A2/llm_only_api_1319_run3_20260730_120250.json,8e610e2a6899b0028a5aa624f5ba8c3d07f313cdd6dd6791c076a6ba24517136
A2,1319,3,3,llm_only,qwen3:14b,True,False,,,350,3,bd9f2858283673a2,2026-08-04T12:09:24,traces/batch/traces/rq1_A2/llm_only_api_1319_run4_20260805_062210.json,5bc4c0e8cc8268e7cc781302aaf002ab8951be7f8236c613592894fced58b6c3
A2,1319,4,4,llm_only,qwen3:14b,True,False,,,350,3,bd9f2858283673a2,2026-08-05T06:22:10,traces/batch/traces/rq1_A2/llm_only_api_1319_run5_20260806_033327.json,6b0f6b9b07d305a29090a1bcf8cb651f4d2e70dae3c81e35932d57291b7791ff
A2,1335,0,0,llm_only,qwen3:14b,True,False,,,350,3,bd9f2858283673a2,2026-07-30T08:17:08,traces/batch/traces/rq1_A2/llm_only_api_1335_run1_20260731_173724.json,4fc754dc906a63db6aa11d67ee6ff70708a7c3dfc953abcf25a7e3dbd359a510
A2,1335,1,1,llm_only,qwen3:14b,True,False,,,350,3,bd9f2858283673a2,2026-07-31T17:37:24,traces/batch/traces/rq1_A2/llm_only_api_1335_run2_20260801_045932.json,e702b12682c51e2deac58499882c288b7bff9368aa8acc748e383ad8e255413d
A2,1335,2,2,llm_only,qwen3:14b,True,False,,,350,3,bd9f2858283673a2,2026-08-01T04:59:32,traces/batch/traces/rq1_A2/llm_only_api_1335_run3_20260801_202239.json,ff4e787a79eaac95b84b2bd098a3670c06da73ba51748d0feafbc0141e3c06fa
A2,1335,3,3,llm_only,qwen3:14b,True,False,,,350,3,bd9f2858283673a2,2026-08-04T12:09:21,traces/batch/traces/rq1_A2/llm_only_api_1335_run4_20260805_011613.json,5facd92bbf88b89f456d746fe88a90076a57dd592185f07e29af2e32815d9f79
A2,1335,4,4,llm_only,qwen3:14b,True,False,,,350,3,bd9f2858283673a2,2026-08-05T01:16:13,traces/batch/traces/rq1_A2/llm_only_api_1335_run5_20260806_065622.json,018adb663220bce9111c51a68b289b1253fb32cb6b7c0f8dbe68349a0f605eac
A2,1372,0,0,llm_only,qwen3:14b,True,False,,,350,3,bd9f2858283673a2,2026-07-30T09:20:06,traces/batch/traces/rq1_A2/llm_only_api_1372_run1_20260731_004939.json,27fffe02f402dc0cbb3f6e764c581515862cb3279c7e2c2c8fc793e4cfe77505
A2,1372,1,1,llm_only,qwen3:14b,True,False,,,350,3,bd9f2858283673a2,2026-07-31T00:49:39,traces/batch/traces/rq1_A2/llm_only_api_1372_run2_20260731_014232.json,8e0ca8c3f6feb89b96e9ff9a270bd69e6d3562f6507f6ebe909e55786ae1feb1
A2,1372,2,2,llm_only,qwen3:14b,True,False,,,350,3,bd9f2858283673a2,2026-07-31T01:42:32,traces/batch/traces/rq1_A2/llm_only_api_1372_run3_20260731_171453.json,5fd775e68a62c78c784cade40612ec77e81a01d737b52a4dcd26b36260abffd6
A2,1372,3,3,llm_only,qwen3:14b,True,False,,,350,3,bd9f2858283673a2,2026-07-31T17:14:53,traces/batch/traces/rq1_A2/llm_only_api_1372_run4_20260731_182458.json,259b838667119590a257295995d410d9814c1b8a4647204b58e0aabf8c9bf0d4
A2,1372,4,4,llm_only,qwen3:14b,True,False,,,350,3,bd9f2858283673a2,2026-07-31T18:24:58,traces/batch/traces/rq1_A2/llm_only_api_1372_run5_20260801_063328.json,ae0cd931f010a214be12de77a286d93fc742ade09922e07ce9ed0c0974983e3a
A3,1303,0,0,ea_llm_self_adaptive,qwen3:14b,False,False,frozen_uniform,,50,3,bd9f2858283673a2,2026-07-22T18:43:27,traces/batch/traces/rq1_A3/ea_llm_self_adaptive_api_1303_run1_20260722_193242.json,039d625c2d4be1d1897c9c45dccc4f79dc6a1f546fc63fbe4c7acaa4ede763b9
A3,1303,1,1,ea_llm_self_adaptive,qwen3:14b,False,False,frozen_uniform,,50,3,bd9f2858283673a2,2026-07-22T19:32:42,traces/batch/traces/rq1_A3/ea_llm_self_adaptive_api_1303_run2_20260722_195336.json,743fbc8d5134cb2af91b6bc95e183b096f67a78892d2c682ceb453ceca0f563e
A3,1303,2,2,ea_llm_self_adaptive,qwen3:14b,False,False,frozen_uniform,,50,3,bd9f2858283673a2,2026-07-22T19:53:36,traces/batch/traces/rq1_A3/ea_llm_self_adaptive_api_1303_run3_20260722_200603.json,208914547a72343255a06418f20fc50de47c42cfcd098c0ad853cf0951537ae5
A3,1303,3,3,ea_llm_self_adaptive,qwen3:14b,False,False,frozen_uniform,,50,3,bd9f2858283673a2,2026-07-22T20:06:03,traces/batch/traces/rq1_A3/ea_llm_self_adaptive_api_1303_run4_20260722_205252.json,621e7822354581673883f5b2ba463d1a6c4b735fe4f336b953d8fef60bfc1017
A3,1303,4,4,ea_llm_self_adaptive,qwen3:14b,False,False,frozen_uniform,,50,3,bd9f2858283673a2,2026-07-22T20:52:52,traces/batch/traces/rq1_A3/ea_llm_self_adaptive_api_1303_run5_20260722_221053.json,376bed536f7aca7ce7856e65bf4c59c38e535cfd9d4c3bef957becb69e5e3718
A3,1307,0,0,ea_llm_self_adaptive,qwen3:14b,False,False,frozen_uniform,,50,3,bd9f2858283673a2,2026-07-22T19:31:35,traces/batch/traces/rq1_A3/ea_llm_self_adaptive_api_1307_run1_20260722_200506.json,b64d7cf01989d10bfbe201730c3fb54b60a99e2c94e1d9585349d2ea3920cf28
A3,1307,1,1,ea_llm_self_adaptive,qwen3:14b,False,False,frozen_uniform,,50,3,bd9f2858283673a2,2026-07-22T20:05:06,traces/batch/traces/rq1_A3/ea_llm_self_adaptive_api_1307_run2_20260722_213354.json,f554ffb983aa8f7d95ea791083b7546e968b4407371c26f3facceb76fc65086a
A3,1307,2,2,ea_llm_self_adaptive,qwen3:14b,False,False,frozen_uniform,,50,3,bd9f2858283673a2,2026-07-22T21:33:54,traces/batch/traces/rq1_A3/ea_llm_self_adaptive_api_1307_run3_20260722_215256.json,2de9247ee23dce1079358cecf036f7a0e3420402bb9d4196998725dc2ad426d5
A3,1307,3,3,ea_llm_self_adaptive,qwen3:14b,False,False,frozen_uniform,,50,3,bd9f2858283673a2,2026-07-22T21:52:56,traces/batch/traces/rq1_A3/ea_llm_self_adaptive_api_1307_run4_20260722_224731.json,bb6c6c7aee9e6a1eb855985ca40e14c6ada5d4d17f52c239142fa3a0c8cc330a
A3,1307,4,4,ea_llm_self_adaptive,qwen3:14b,False,False,frozen_uniform,,50,3,bd9f2858283673a2,2026-07-22T22:47:31,traces/batch/traces/rq1_A3/ea_llm_self_adaptive_api_1307_run5_20260722_231245.json,69b22eec3e62893e42b9889ba9e0fb02f6d3ab87da2d600ee6c52dd94493ac1c
A3,1319,0,0,ea_llm_self_adaptive,qwen3:14b,False,False,frozen_uniform,,50,3,bd9f2858283673a2,2026-07-22T20:14:28,traces/batch/traces/rq1_A3/ea_llm_self_adaptive_api_1319_run1_20260722_232825.json,a2fdda7231ee97a7a78b9a9c38848204696414ba1819c2838d32ed0af684fb82
A3,1319,1,1,ea_llm_self_adaptive,qwen3:14b,False,False,frozen_uniform,,50,3,bd9f2858283673a2,2026-07-22T23:28:25,traces/batch/traces/rq1_A3/ea_llm_self_adaptive_api_1319_run2_20260723_005030.json,0ac81fb167e63a4b62cf09b1cae28ba4b999389258745dd7d22513f99ea35337
A3,1319,2,2,ea_llm_self_adaptive,qwen3:14b,False,False,frozen_uniform,,50,3,bd9f2858283673a2,2026-07-23T00:50:30,traces/batch/traces/rq1_A3/ea_llm_self_adaptive_api_1319_run3_20260723_015549.json,7ea9ab96b1f7c940db9ee4efaaf94b65e46b53587fe71663f53672dcb9fee743
A3,1319,3,3,ea_llm_self_adaptive,qwen3:14b,False,False,frozen_uniform,,50,3,bd9f2858283673a2,2026-07-23T01:55:49,traces/batch/traces/rq1_A3/ea_llm_self_adaptive_api_1319_run4_20260723_025142.json,f094c130fb4f39d623f73eeeac9924f078b7df4ffbc3c1317aff24334f9178b7
A3,1319,4,4,ea_llm_self_adaptive,qwen3:14b,False,False,frozen_uniform,,50,3,bd9f2858283673a2,2026-07-23T02:51:42,traces/batch/traces/rq1_A3/ea_llm_self_adaptive_api_1319_run5_20260723_031710.json,a2be1c7b7b95038a08dacbfe731a0afde6896142f42abc096845785b71252cb0
A3,1335,0,0,ea_llm_self_adaptive,qwen3:14b,False,False,frozen_uniform,,50,3,bd9f2858283673a2,2026-07-22T22:11:10,traces/batch/traces/rq1_A3/ea_llm_self_adaptive_api_1335_run1_20260722_232546.json,b952bee0fd9eb032a56010948b64406d6989d618e9ec8ed6297f9e0952502c4f
A3,1335,1,1,ea_llm_self_adaptive,qwen3:14b,False,False,frozen_uniform,,50,3,bd9f2858283673a2,2026-07-22T23:25:46,traces/batch/traces/rq1_A3/ea_llm_self_adaptive_api_1335_run2_20260723_004712.json,9250ff42577822a3c593cdecb3de545aba8936b7494726f63393cfb515ed41ce
A3,1335,2,2,ea_llm_self_adaptive,qwen3:14b,False,False,frozen_uniform,,50,3,bd9f2858283673a2,2026-07-23T00:47:12,traces/batch/traces/rq1_A3/ea_llm_self_adaptive_api_1335_run3_20260723_012055.json,a64c2913aaa4fbfab151b1f485b090779c3c4cf10c369106c197d7833f01709e
A3,1335,3,3,ea_llm_self_adaptive,qwen3:14b,False,False,frozen_uniform,,50,3,bd9f2858283673a2,2026-07-23T01:20:55,traces/batch/traces/rq1_A3/ea_llm_self_adaptive_api_1335_run4_20260723_012935.json,a69fc0b0c1fb8120ccb446a9a96036cc4beca4944c86dd35110dbd0c19ce9108
A3,1335,4,4,ea_llm_self_adaptive,qwen3:14b,False,False,frozen_uniform,,50,3,bd9f2858283673a2,2026-07-23T01:29:35,traces/batch/traces/rq1_A3/ea_llm_self_adaptive_api_1335_run5_20260723_014557.json,a4b0dee5c9afba79a160abc6dca62d8dc685b02cb7ebed4e43d27b41967cdc4b
A3,1372,0,0,ea_llm_self_adaptive,qwen3:14b,False,False,frozen_uniform,,50,3,bd9f2858283673a2,2026-07-22T22:52:04,traces/batch/traces/rq1_A3/ea_llm_self_adaptive_api_1372_run1_20260722_225304.json,055ec490baf6c817dc7a7c4a18451f55fff2801e2d898bdf13f124356a51128d
A3,1372,1,1,ea_llm_self_adaptive,qwen3:14b,False,False,frozen_uniform,,50,3,bd9f2858283673a2,2026-07-22T22:53:04,traces/batch/traces/rq1_A3/ea_llm_self_adaptive_api_1372_run2_20260722_234913.json,dbe816f009d5ade7bed16a71bd2db6612c53e2990360af06b5acbe792aa35db6
A3,1372,2,2,ea_llm_self_adaptive,qwen3:14b,False,False,frozen_uniform,,50,3,bd9f2858283673a2,2026-07-22T23:49:13,traces/batch/traces/rq1_A3/ea_llm_self_adaptive_api_1372_run3_20260723_002047.json,0551464dbd09e5147ada996d051d7b957e97d053915f5e7b251a69c2543857e7
A3,1372,3,3,ea_llm_self_adaptive,qwen3:14b,False,False,frozen_uniform,,50,3,bd9f2858283673a2,2026-07-23T00:20:47,traces/batch/traces/rq1_A3/ea_llm_self_adaptive_api_1372_run4_20260723_012158.json,2fca030db909ca57fc474656e726c79fb4ef30bcd46c51cd30fd94e60ee1e45d
A3,1372,4,4,ea_llm_self_adaptive,qwen3:14b,False,False,frozen_uniform,,50,3,bd9f2858283673a2,2026-07-23T01:21:58,traces/batch/traces/rq1_A3/ea_llm_self_adaptive_api_1372_run5_20260723_020217.json,997d09d85b515d7eaf4449ddd9674c38887e3af4b498d71581e55fc372c7f1a2
A4,1303,0,0,ea_llm_self_adaptive,gemma4:12b,True,True,frozen_uniform,,50,3,bd9f2858283673a2,2026-07-22T22:52:04,traces/batch/traces/rq1_A4/ea_llm_self_adaptive_api_1303_run1_20260723_001343.json,49a225784b424f6db95853ad118118c04134523e451ead9e6a32e93b39a9b138
A4,1303,1,1,ea_llm_self_adaptive,gemma4:12b,True,True,frozen_uniform,,50,3,bd9f2858283673a2,2026-07-23T00:13:43,traces/batch/traces/rq1_A4/ea_llm_self_adaptive_api_1303_run2_20260723_020539.json,c5eb3f2a04630ac9bdfbc2e923448a96400c14e2b61ae4525b46c29af20876f2
A4,1303,2,2,ea_llm_self_adaptive,gemma4:12b,True,True,frozen_uniform,,50,3,bd9f2858283673a2,2026-07-23T02:05:39,traces/batch/traces/rq1_A4/ea_llm_self_adaptive_api_1303_run3_20260723_024820.json,130fd78b3dd8d7c960c2588ba575ccf62891149fe1bb37a972b6741f2349e85c
A4,1303,3,3,ea_llm_self_adaptive,gemma4:12b,True,True,frozen_uniform,,50,3,bd9f2858283673a2,2026-07-23T02:48:20,traces/batch/traces/rq1_A4/ea_llm_self_adaptive_api_1303_run4_20260723_033100.json,e665471240223d254e1f7d51141da356f7bce6e531bf758acd23531a9803f874
A4,1303,4,4,ea_llm_self_adaptive,gemma4:12b,True,True,frozen_uniform,,50,3,bd9f2858283673a2,2026-07-23T03:31:00,traces/batch/traces/rq1_A4/ea_llm_self_adaptive_api_1303_run5_20260723_051524.json,989b0c9afca06611dc87ada3e94cc4ef6e0a31b12991414443e71d3d08247b05
A4,1307,0,0,ea_llm_self_adaptive,gemma4:12b,True,True,frozen_uniform,,50,3,bd9f2858283673a2,2026-07-22T23:12:57,traces/batch/traces/rq1_A4/ea_llm_self_adaptive_api_1307_run1_20260723_005556.json,57b61b2d232388630ff43a43029cc2016dcbe91136621da74f4ee416a250091e
A4,1307,1,1,ea_llm_self_adaptive,gemma4:12b,True,True,frozen_uniform,,50,3,bd9f2858283673a2,2026-07-23T00:55:56,traces/batch/traces/rq1_A4/ea_llm_self_adaptive_api_1307_run2_20260723_013505.json,f8e5ae2a15cb56d845f1c83a591b087939197e288746bd8529d61e74f5c05599
A4,1307,2,2,ea_llm_self_adaptive,gemma4:12b,True,True,frozen_uniform,,50,3,bd9f2858283673a2,2026-07-23T01:35:05,traces/batch/traces/rq1_A4/ea_llm_self_adaptive_api_1307_run3_20260723_021509.json,323532a4b8ac4abe0c3b96a12637332e0eba97a9e1148ed74e8b5f1cfce7aa27
A4,1307,3,3,ea_llm_self_adaptive,gemma4:12b,True,True,frozen_uniform,,50,3,bd9f2858283673a2,2026-07-23T02:15:09,traces/batch/traces/rq1_A4/ea_llm_self_adaptive_api_1307_run4_20260723_031049.json,8b794dd90c8e6574fe4295018c531a04bb3cc13bddcbff438aa62c27dd21c3cc
A4,1307,4,4,ea_llm_self_adaptive,gemma4:12b,True,True,frozen_uniform,,50,3,bd9f2858283673a2,2026-07-23T03:10:49,traces/batch/traces/rq1_A4/ea_llm_self_adaptive_api_1307_run5_20260723_042341.json,f7923d54e1acb2e98092090e3de3b91cd75aa3c48c57d30ec135e790b753622f
A4,1319,0,0,ea_llm_self_adaptive,gemma4:12b,True,True,frozen_uniform,,50,3,bd9f2858283673a2,2026-07-22T23:38:51,traces/batch/traces/rq1_A4/ea_llm_self_adaptive_api_1319_run1_20260723_000623.json,9d6c7cc34bb645c54db0f6045b6445a2c8250fd563f934a0482d142d676c7f34
A4,1319,1,1,ea_llm_self_adaptive,gemma4:12b,True,True,frozen_uniform,,50,3,bd9f2858283673a2,2026-07-23T00:06:23,traces/batch/traces/rq1_A4/ea_llm_self_adaptive_api_1319_run2_20260723_012226.json,6ea33169471a60f63e71d804b5d567d1c87bb6da138da02f453a40aba30cf2f6
A4,1319,2,2,ea_llm_self_adaptive,gemma4:12b,True,True,frozen_uniform,,50,3,bd9f2858283673a2,2026-07-23T01:22:26,traces/batch/traces/rq1_A4/ea_llm_self_adaptive_api_1319_run3_20260723_013330.json,e2a0adf038e1c3d2336b524dd93eb10f831e0271c86914ca50699dac34fe44fc
A4,1319,3,3,ea_llm_self_adaptive,gemma4:12b,True,True,frozen_uniform,,50,3,bd9f2858283673a2,2026-07-23T01:33:30,traces/batch/traces/rq1_A4/ea_llm_self_adaptive_api_1319_run4_20260723_015944.json,742966d1d62fbffd0cc64ef1c13f45cd1161ad4714ddb3d66cc9c019d90b3b1f
A4,1319,4,4,ea_llm_self_adaptive,gemma4:12b,True,True,frozen_uniform,,50,3,bd9f2858283673a2,2026-07-23T01:59:44,traces/batch/traces/rq1_A4/ea_llm_self_adaptive_api_1319_run5_20260723_022723.json,f336560dc08feb926c73c09df8ee768377135e94d77341c5c6c9c144fe00e09d
A4,1327,0,0,ea_llm_self_adaptive,gemma4:12b,True,True,frozen_uniform,tophalf,50,3,bd9f2858283673a2,2026-08-13T16:02:10,traces/batch/traces/rq1_A4/ea_llm_self_adaptive_api_1327_run1_20260813_163019.json,b313da8c31f6322c959a21a1badf3f452314412f4f7256afa9f6e7cc75861db4
A4,1327,1,1,ea_llm_self_adaptive,gemma4:12b,True,True,frozen_uniform,tophalf,50,3,bd9f2858283673a2,2026-08-13T16:30:19,traces/batch/traces/rq1_A4/ea_llm_self_adaptive_api_1327_run2_20260813_171215.json,132013687fc28824bb460eb483ad04394a8351799c763a0b3eefb115b8310fa7
A4,1327,2,2,ea_llm_self_adaptive,gemma4:12b,True,True,frozen_uniform,tophalf,50,3,bd9f2858283673a2,2026-08-13T17:12:15,traces/batch/traces/rq1_A4/ea_llm_self_adaptive_api_1327_run3_20260813_211411.json,a8cca82c51856ab3bae72b936b96cd8830ea84c8fe81dc408db5a16aef66554e
A4,1327,3,3,ea_llm_self_adaptive,gemma4:12b,True,True,frozen_uniform,tophalf,50,3,bd9f2858283673a2,2026-08-13T21:14:11,traces/batch/traces/rq1_A4/ea_llm_self_adaptive_api_1327_run4_20260813_233901.json,da874c5f5c8153118c5089474399eeb8694fc82801f4cf5026356cf07cf906ce
A4,1327,4,4,ea_llm_self_adaptive,gemma4:12b,True,True,frozen_uniform,tophalf,50,3,bd9f2858283673a2,2026-08-13T23:39:01,traces/batch/traces/rq1_A4/ea_llm_self_adaptive_api_1327_run5_20260814_031838.json,2af362a3af322626aa0fdaf74ec59e8dd31d644150a3f487425a2c08389fc61a
A4,1335,0,0,ea_llm_self_adaptive,gemma4:12b,True,True,frozen_uniform,,50,3,bd9f2858283673a2,2026-07-23T01:03:00,traces/batch/traces/rq1_A4/ea_llm_self_adaptive_api_1335_run1_20260723_013507.json,ede2175099d77d44cbe083a7bcd5ed2a3ff2b30325fa8427bd4df9b0b11258e5
A4,1335,1,1,ea_llm_self_adaptive,gemma4:12b,True,True,frozen_uniform,,50,3,bd9f2858283673a2,2026-07-23T01:35:07,traces/batch/traces/rq1_A4/ea_llm_self_adaptive_api_1335_run2_20260723_022234.json,dbbb0a88e82b2e4b0c3d32d76e6d4fe344183aa2841b9803fd39a1a7ca6e076a
A4,1335,2,2,ea_llm_self_adaptive,gemma4:12b,True,True,frozen_uniform,,50,3,bd9f2858283673a2,2026-07-23T02:22:34,traces/batch/traces/rq1_A4/ea_llm_self_adaptive_api_1335_run3_20260723_030737.json,77a02f57cc471a43be7264055aa9fea29caa65537de681d73dc9e733e7703f0c
A4,1335,3,3,ea_llm_self_adaptive,gemma4:12b,True,True,frozen_uniform,,50,3,bd9f2858283673a2,2026-07-23T03:07:37,traces/batch/traces/rq1_A4/ea_llm_self_adaptive_api_1335_run4_20260723_031900.json,733d5c680df1163ebd043510d60e5caa7dad645adde079c731c8f793dfbb8651
A4,1335,4,4,ea_llm_self_adaptive,gemma4:12b,True,True,frozen_uniform,,50,3,bd9f2858283673a2,2026-07-23T03:19:00,traces/batch/traces/rq1_A4/ea_llm_self_adaptive_api_1335_run5_20260723_034505.json,5153696b57c21fb3c5abb41faa75079d304b78418ad8fd5c0c9485e3bb6bc7b3
A4,1352,0,0,ea_llm_self_adaptive,gemma4:12b,True,True,frozen_uniform,tophalf,50,3,bd9f2858283673a2,2026-08-13T16:02:04,traces/batch/traces/rq1_A4/ea_llm_self_adaptive_api_1352_run1_20260813_180004.json,93898fe18a73b85f87338136337af376fe66d4e82f6fc0a5bae387dc548f7a55
A4,1352,1,1,ea_llm_self_adaptive,gemma4:12b,True,True,frozen_uniform,tophalf,50,3,bd9f2858283673a2,2026-08-13T18:00:04,traces/batch/traces/rq1_A4/ea_llm_self_adaptive_api_1352_run2_20260813_185431.json,82bafbc539c7c9e1bcd6db18979897713531451b3c84bbe8b6a8b9f81d910c05
A4,1352,2,2,ea_llm_self_adaptive,gemma4:12b,True,True,frozen_uniform,tophalf,50,3,bd9f2858283673a2,2026-08-13T18:54:31,traces/batch/traces/rq1_A4/ea_llm_self_adaptive_api_1352_run3_20260813_222443.json,e7ae2d38edc6feb16bf5827215b671231234d1dd5712643b9dea019fa3200743
A4,1352,3,3,ea_llm_self_adaptive,gemma4:12b,True,True,frozen_uniform,tophalf,50,3,bd9f2858283673a2,2026-08-13T22:24:43,traces/batch/traces/rq1_A4/ea_llm_self_adaptive_api_1352_run4_20260813_232337.json,a0c93e3965b5bfe78226bbbb5fee497380a8819a7d9a95db1529d26af84e2f28
A4,1352,4,4,ea_llm_self_adaptive,gemma4:12b,True,True,frozen_uniform,tophalf,50,3,bd9f2858283673a2,2026-08-13T23:23:37,traces/batch/traces/rq1_A4/ea_llm_self_adaptive_api_1352_run5_20260813_235948.json,42ca252fa685b8ed1e84ec473b3d11912eb25a363150f67a7736b4fa6c921ad2
A4,1364,0,0,ea_llm_self_adaptive,gemma4:12b,True,True,frozen_uniform,tophalf,50,3,bd9f2858283673a2,2026-08-13T16:02:10,traces/batch/traces/rq1_A4/ea_llm_self_adaptive_api_1364_run1_20260813_191434.json,2ca93330eb10e3038ee8043bac46aa764a2ff7d04f4c031cb4c576558a06b052
A4,1364,1,1,ea_llm_self_adaptive,gemma4:12b,True,True,frozen_uniform,tophalf,50,3,bd9f2858283673a2,2026-08-13T19:14:34,traces/batch/traces/rq1_A4/ea_llm_self_adaptive_api_1364_run2_20260813_195125.json,20c2eb11a6e9ed63da5adb714c37dd26e3e9c49a3098210d915243e4f2b80106
A4,1364,2,2,ea_llm_self_adaptive,gemma4:12b,True,True,frozen_uniform,tophalf,50,3,bd9f2858283673a2,2026-08-13T19:51:25,traces/batch/traces/rq1_A4/ea_llm_self_adaptive_api_1364_run3_20260813_204944.json,e91c8702053169c8e7845599474140c8a99f13b14f18fa46185d75827610d190
A4,1364,3,3,ea_llm_self_adaptive,gemma4:12b,True,True,frozen_uniform,tophalf,50,3,bd9f2858283673a2,2026-08-13T20:49:44,traces/batch/traces/rq1_A4/ea_llm_self_adaptive_api_1364_run4_20260813_212341.json,bffbcd4f4bdff5d22364f4c60e4e67bb0c07bc28e28596f2518f810a125f5b24
A4,1364,4,4,ea_llm_self_adaptive,gemma4:12b,True,True,frozen_uniform,tophalf,50,3,bd9f2858283673a2,2026-08-13T21:23:41,traces/batch/traces/rq1_A4/ea_llm_self_adaptive_api_1364_run5_20260813_215436.json,1f65f08f9c345847f7850f4d9986df580b46a4fee477599fb3d0bd0489a26fc6
A4,1365,0,0,ea_llm_self_adaptive,gemma4:12b,True,True,frozen_uniform,tophalf,50,3,bd9f2858283673a2,2026-08-13T16:02:10,traces/batch/traces/rq1_A4/ea_llm_self_adaptive_api_1365_run1_20260813_172612.json,01c90e0226c0b4df8b4277d56d6edddb083b84784e5c84352b5cf89dd1c7a034
A4,1365,1,1,ea_llm_self_adaptive,gemma4:12b,True,True,frozen_uniform,tophalf,50,3,bd9f2858283673a2,2026-08-13T17:26:12,traces/batch/traces/rq1_A4/ea_llm_self_adaptive_api_1365_run2_20260813_175945.json,2c4e6a1042d237e056d475e016371feeab0e324f3dfb6b4c570e12c7b510d5ae
A4,1365,2,2,ea_llm_self_adaptive,gemma4:12b,True,True,frozen_uniform,tophalf,50,3,bd9f2858283673a2,2026-08-13T17:59:45,traces/batch/traces/rq1_A4/ea_llm_self_adaptive_api_1365_run3_20260813_182410.json,4118a65c06b724ea53533864de92b5f45b19a4bed19a7d39522036ff6bd6d0f5
A4,1365,3,3,ea_llm_self_adaptive,gemma4:12b,True,True,frozen_uniform,tophalf,50,3,bd9f2858283673a2,2026-08-13T18:24:10,traces/batch/traces/rq1_A4/ea_llm_self_adaptive_api_1365_run4_20260813_191504.json,0d3c4423f4ffe5ed1498061f9a92dac1f6a3bf54a0d5d6e20667f7ea2c88c1be
A4,1365,4,4,ea_llm_self_adaptive,gemma4:12b,True,True,frozen_uniform,tophalf,50,3,bd9f2858283673a2,2026-08-13T19:15:04,traces/batch/traces/rq1_A4/ea_llm_self_adaptive_api_1365_run5_20260813_194742.json,f7968a5d141bec187ffdf1896cff963fe76482efd29cf571ce9004be04711044
A4,1372,0,0,ea_llm_self_adaptive,gemma4:12b,True,True,frozen_uniform,,50,3,bd9f2858283673a2,2026-07-23T01:46:12,traces/batch/traces/rq1_A4/ea_llm_self_adaptive_api_1372_run1_20260723_020523.json,e4715445a3c4d372f62e5c9e830da97f32a9a30973feb232df6ad502c5631af4
A4,1372,1,1,ea_llm_self_adaptive,gemma4:12b,True,True,frozen_uniform,,50,3,bd9f2858283673a2,2026-07-23T02:05:23,traces/batch/traces/rq1_A4/ea_llm_self_adaptive_api_1372_run2_20260723_024954.json,688390c1548bc951b29930a75e5c228992933af8290f44f680318a4925b7c258
A4,1372,2,2,ea_llm_self_adaptive,gemma4:12b,True,True,frozen_uniform,,50,3,bd9f2858283673a2,2026-07-23T02:49:54,traces/batch/traces/rq1_A4/ea_llm_self_adaptive_api_1372_run3_20260723_032259.json,95548c10ef9f9a8beebd85e1eae4e3a58496fc9b1a182fa994a98f90f14d8899
A4,1372,3,3,ea_llm_self_adaptive,gemma4:12b,True,True,frozen_uniform,,50,3,bd9f2858283673a2,2026-07-23T03:22:59,traces/batch/traces/rq1_A4/ea_llm_self_adaptive_api_1372_run4_20260723_034442.json,5fac1a1cb3556beaf026ac42b0579981942e06c3475f090b9ed72fa17f269a91
A4,1372,4,4,ea_llm_self_adaptive,gemma4:12b,True,True,frozen_uniform,,50,3,bd9f2858283673a2,2026-07-23T03:44:42,traces/batch/traces/rq1_A4/ea_llm_self_adaptive_api_1372_run5_20260723_050642.json,83432c2d0c0dd59df563034e6ece4535daa51b0b8825a99dcb93bde3400d6fe7
A4,1384,0,0,ea_llm_self_adaptive,gemma4:12b,True,True,frozen_uniform,tophalf,50,3,bd9f2858283673a2,2026-08-17T19:17:50,traces/batch/traces/rq1_A4/ea_llm_self_adaptive_api_1384_run1_20260817_225522.json,9cc7ddf8dc40047dbc348f32688ab07ac49e6092e21342ea94a3c6a2717907bc
A4,1384,1,1,ea_llm_self_adaptive,gemma4:12b,True,True,frozen_uniform,tophalf,50,3,bd9f2858283673a2,2026-08-13T19:04:36,traces/batch/traces/rq1_A4/ea_llm_self_adaptive_api_1384_run2_20260813_231236.json,15172bfea4af70dd8279dbddda9725193dff063622465252d21578d19fa00ec4
A4,1384,2,2,ea_llm_self_adaptive,gemma4:12b,True,True,frozen_uniform,tophalf,50,3,bd9f2858283673a2,2026-08-13T23:12:36,traces/batch/traces/rq1_A4/ea_llm_self_adaptive_api_1384_run3_20260814_030731.json,e27c1f075b612c4d294e4072daa5f8d78b0aa43b80db9d44a360ecde7ac7efc4
A4,1384,3,3,ea_llm_self_adaptive,gemma4:12b,True,True,frozen_uniform,tophalf,50,3,bd9f2858283673a2,2026-08-18T13:26:56,traces/batch/traces/rq1_A4/ea_llm_self_adaptive_api_1384_run4_20260818_171135.json,e65bc3a18a4ba7187f52273a716b18a5926456999d3d7c98f0b334c2e7b8bdfa
A4,1384,4,4,ea_llm_self_adaptive,gemma4:12b,True,True,frozen_uniform,tophalf,50,3,bd9f2858283673a2,2026-08-19T11:30:17,traces/batch/traces/rq1_A4/ea_llm_self_adaptive_api_1384_run5_20260819_141910.json,6cb6f6c83cc802d925fd8a95659f0ae7c5e69838bc4175a600d0f179cf3909f3
A5,1303,0,0,ea_llm_self_adaptive,ministral-3:14b,True,True,frozen_uniform,tophalf,50,3,bd9f2858283673a2,2026-08-17T12:08:53,traces/batch/traces/rq1_A5/ea_llm_self_adaptive_api_1303_run1_20260817_133645.json,c8ab4bed4c8f9e8c63a0aa5e22c785f26a6fa3dce4d3d2389bbd63cae260a6ea
A5,1303,1,1,ea_llm_self_adaptive,ministral-3:14b,True,True,frozen_uniform,tophalf,50,3,bd9f2858283673a2,2026-08-17T13:36:46,traces/batch/traces/rq1_A5/ea_llm_self_adaptive_api_1303_run2_20260817_134740.json,797db040a22ec7696cb49eefb82587de976f76513050fdcedf13c4a3594abd81
A5,1303,2,2,ea_llm_self_adaptive,ministral-3:14b,True,True,frozen_uniform,tophalf,50,3,bd9f2858283673a2,2026-08-17T13:47:40,traces/batch/traces/rq1_A5/ea_llm_self_adaptive_api_1303_run3_20260817_135119.json,6503bdbfa1db8d04cb39b3351df9c36f7e25dcf2af29ea6513b80728001b2f1e
A5,1303,3,3,ea_llm_self_adaptive,ministral-3:14b,True,True,frozen_uniform,tophalf,50,3,bd9f2858283673a2,2026-08-17T13:51:19,traces/batch/traces/rq1_A5/ea_llm_self_adaptive_api_1303_run4_20260817_135616.json,651ae849942ff514ad8ecfa1ad2df5b926e0d8682183da65533479400545be09
A5,1303,4,4,ea_llm_self_adaptive,ministral-3:14b,True,True,frozen_uniform,tophalf,50,3,bd9f2858283673a2,2026-08-17T13:56:16,traces/batch/traces/rq1_A5/ea_llm_self_adaptive_api_1303_run5_20260817_135841.json,447d724200267cbe2d46ea45c07fcc3b290eefbf07475e06e6d4d73c7f27ea1d
A5,1307,0,0,ea_llm_self_adaptive,ministral-3:14b,True,True,frozen_uniform,tophalf,50,3,bd9f2858283673a2,2026-08-16T09:32:36,traces/batch/traces/rq1_A5/ea_llm_self_adaptive_api_1307_run1_20260816_093635.json,353a0eda0e9f2afa76b5516ae025e421cc55c1199f31409ab21e5f79aa3b107e
A5,1307,1,1,ea_llm_self_adaptive,ministral-3:14b,True,True,frozen_uniform,tophalf,50,3,bd9f2858283673a2,2026-08-16T09:36:35,traces/batch/traces/rq1_A5/ea_llm_self_adaptive_api_1307_run2_20260816_093755.json,c120d43dfaba752cfcc8241800759ad6f67c1d5bcd662a8716729ce91cf31d53
A5,1307,2,2,ea_llm_self_adaptive,ministral-3:14b,True,True,frozen_uniform,tophalf,50,3,bd9f2858283673a2,2026-08-16T09:37:55,traces/batch/traces/rq1_A5/ea_llm_self_adaptive_api_1307_run3_20260816_094452.json,4164b2d097fc04d4ca94cf3e4d68f5b8dea78b4d3fc9527ced12e335ed6f857b
A5,1307,3,3,ea_llm_self_adaptive,ministral-3:14b,True,True,frozen_uniform,tophalf,50,3,bd9f2858283673a2,2026-08-16T09:44:52,traces/batch/traces/rq1_A5/ea_llm_self_adaptive_api_1307_run4_20260816_094752.json,1bf19fa992f8c118e47109721aff6656c2a27a09c2c73e239fb007367e81d1bc
A5,1307,4,4,ea_llm_self_adaptive,ministral-3:14b,True,True,frozen_uniform,tophalf,50,3,bd9f2858283673a2,2026-08-16T09:47:52,traces/batch/traces/rq1_A5/ea_llm_self_adaptive_api_1307_run5_20260816_101534.json,ec8903a68139822076993abbd5acf5f2bb021fe2ddce561d373891b1f02cde76
A5,1319,0,0,ea_llm_self_adaptive,ministral-3:14b,True,True,frozen_uniform,tophalf,50,3,bd9f2858283673a2,2026-08-17T12:08:53,traces/batch/traces/rq1_A5/ea_llm_self_adaptive_api_1319_run1_20260817_130059.json,5278d1dd13dd9df21a1b0c6d96943fb17f8c9c4dd1ab9a524297965bf85ae2aa
A5,1319,1,1,ea_llm_self_adaptive,ministral-3:14b,True,True,frozen_uniform,tophalf,50,3,bd9f2858283673a2,2026-08-17T15:32:48,traces/batch/traces/rq1_A5/ea_llm_self_adaptive_api_1319_run2_20260817_160233.json,690644593bb8570eb4ac00d3b901281b9a81acf7b4cb356f9a6fe97d04406950
A5,1319,2,2,ea_llm_self_adaptive,ministral-3:14b,True,True,frozen_uniform,tophalf,50,3,bd9f2858283673a2,2026-08-17T14:12:44,traces/batch/traces/rq1_A5/ea_llm_self_adaptive_api_1319_run3_20260817_143334.json,e120ab1f756f50fbeb9e66ba8f115fce10045df7e9124a3393c80a768dd63b0f
A5,1319,3,3,ea_llm_self_adaptive,ministral-3:14b,True,True,frozen_uniform,tophalf,50,3,bd9f2858283673a2,2026-08-17T14:33:34,traces/batch/traces/rq1_A5/ea_llm_self_adaptive_api_1319_run4_20260817_144035.json,f559546cdee365f32e4169f68b4326c9846fc05356e386cd5626458f1c069c1d
A5,1319,4,4,ea_llm_self_adaptive,ministral-3:14b,True,True,frozen_uniform,tophalf,50,3,bd9f2858283673a2,2026-08-17T14:40:35,traces/batch/traces/rq1_A5/ea_llm_self_adaptive_api_1319_run5_20260817_152440.json,2199159ce32deded15a6bf687d031f21be40191d407decce061197eec4200e48
A5,1327,0,0,ea_llm_self_adaptive,ministral-3:14b,True,True,frozen_uniform,tophalf,50,3,bd9f2858283673a2,2026-08-16T09:32:38,traces/batch/traces/rq1_A5/ea_llm_self_adaptive_api_1327_run1_20260816_093440.json,dfca2665c27785eb413370238be3acc6465c5b8bfdb96c7961c4d13d3e92fa72
A5,1327,1,1,ea_llm_self_adaptive,ministral-3:14b,True,True,frozen_uniform,tophalf,50,3,bd9f2858283673a2,2026-08-16T09:34:40,traces/batch/traces/rq1_A5/ea_llm_self_adaptive_api_1327_run2_20260816_094837.json,90ba5a32c1dcab2b7b26c36d2340250de3f5a031dfd72bc0f1e2fa3975ac96f8
A5,1327,2,2,ea_llm_self_adaptive,ministral-3:14b,True,True,frozen_uniform,tophalf,50,3,bd9f2858283673a2,2026-08-16T09:48:37,traces/batch/traces/rq1_A5/ea_llm_self_adaptive_api_1327_run3_20260816_094913.json,9350e32e62e197a1af51cc96e2b6a7d04bfccb711c72afde37e025424405ecf4
A5,1327,3,3,ea_llm_self_adaptive,ministral-3:14b,True,True,frozen_uniform,tophalf,50,3,bd9f2858283673a2,2026-08-16T09:49:13,traces/batch/traces/rq1_A5/ea_llm_self_adaptive_api_1327_run4_20260816_103313.json,f6bf8fc12d4419d2ff2058cf2d43bd8122ee867165a95a3cc92588041df7b161
A5,1327,4,4,ea_llm_self_adaptive,ministral-3:14b,True,True,frozen_uniform,tophalf,50,3,bd9f2858283673a2,2026-08-16T10:33:13,traces/batch/traces/rq1_A5/ea_llm_self_adaptive_api_1327_run5_20260816_103438.json,54b44ae29776b683bd708f1913f45ea3bfd75d05e8f95cf0c50074589dcc5ba1
A5,1335,0,0,ea_llm_self_adaptive,ministral-3:14b,True,True,frozen_uniform,tophalf,50,3,bd9f2858283673a2,2026-08-16T09:32:38,traces/batch/traces/rq1_A5/ea_llm_self_adaptive_api_1335_run1_20260816_093419.json,085aae149f2746984becae50580d8fa7ac147e5852d6d2b0daef13b4f724a9c7
A5,1335,1,1,ea_llm_self_adaptive,ministral-3:14b,True,True,frozen_uniform,tophalf,50,3,bd9f2858283673a2,2026-08-16T09:34:19,traces/batch/traces/rq1_A5/ea_llm_self_adaptive_api_1335_run2_20260816_093726.json,6be82c5fe2e6240f8653a8e52b5a59ebd660f9c8d1b562b66edcf55cc8736966
A5,1335,2,2,ea_llm_self_adaptive,ministral-3:14b,True,True,frozen_uniform,tophalf,50,3,bd9f2858283673a2,2026-08-16T09:37:26,traces/batch/traces/rq1_A5/ea_llm_self_adaptive_api_1335_run3_20260816_094124.json,83d37fabd7e92bf421c655ba377a7c43dd3935e90fec55b6154cc00e41398c11
A5,1335,3,3,ea_llm_self_adaptive,ministral-3:14b,True,True,frozen_uniform,tophalf,50,3,bd9f2858283673a2,2026-08-16T09:41:24,traces/batch/traces/rq1_A5/ea_llm_self_adaptive_api_1335_run4_20260816_094746.json,06fea0732ff05622359156839d1f60dabc141e64591c87b28757365a735aff1e
A5,1335,4,4,ea_llm_self_adaptive,ministral-3:14b,True,True,frozen_uniform,tophalf,50,3,bd9f2858283673a2,2026-08-16T09:47:46,traces/batch/traces/rq1_A5/ea_llm_self_adaptive_api_1335_run5_20260816_095334.json,525676fa63074bd59551ea6a385f343af437d99bc9953ef7797e5cc92dd53ba2
A5,1352,0,0,ea_llm_self_adaptive,ministral-3:14b,True,True,frozen_uniform,tophalf,50,3,bd9f2858283673a2,2026-08-16T09:32:38,traces/batch/traces/rq1_A5/ea_llm_self_adaptive_api_1352_run1_20260816_102528.json,0b97da1a2958a08cad11f4cb128dcc22b7e1b5d46ba3a76f0ec9604c928f8e58
A5,1352,1,1,ea_llm_self_adaptive,ministral-3:14b,True,True,frozen_uniform,tophalf,50,3,bd9f2858283673a2,2026-08-16T10:25:28,traces/batch/traces/rq1_A5/ea_llm_self_adaptive_api_1352_run2_20260816_102922.json,e289f01e796231653636ffae0ec58a1c2969e43690b7e1a85a55c070363a9bf3
A5,1352,2,2,ea_llm_self_adaptive,ministral-3:14b,True,True,frozen_uniform,tophalf,50,3,bd9f2858283673a2,2026-08-16T10:29:22,traces/batch/traces/rq1_A5/ea_llm_self_adaptive_api_1352_run3_20260816_112607.json,75a007393528922441c4cf5678da23d008e0edcba2328523cf3023062ea96973
A5,1352,3,3,ea_llm_self_adaptive,ministral-3:14b,True,True,frozen_uniform,tophalf,50,3,bd9f2858283673a2,2026-08-16T11:26:07,traces/batch/traces/rq1_A5/ea_llm_self_adaptive_api_1352_run4_20260816_113000.json,0cc441f9c6df48669c9049590ebab020cc3b901dc1a7079889ad54597cd3923d
A5,1352,4,4,ea_llm_self_adaptive,ministral-3:14b,True,True,frozen_uniform,tophalf,50,3,bd9f2858283673a2,2026-08-16T11:30:00,traces/batch/traces/rq1_A5/ea_llm_self_adaptive_api_1352_run5_20260816_114932.json,852d546efb4f9fe0256977cec9916ab2d3f5474bec86be90b17865b4b77c7246
A5,1364,0,0,ea_llm_self_adaptive,ministral-3:14b,True,True,frozen_uniform,tophalf,50,3,bd9f2858283673a2,2026-08-16T09:32:38,traces/batch/traces/rq1_A5/ea_llm_self_adaptive_api_1364_run1_20260816_104702.json,76e0575ab4d814738de63fbb180eef039c5bfd5c0b0ee22a688fed5f17c979ce
A5,1364,1,1,ea_llm_self_adaptive,ministral-3:14b,True,True,frozen_uniform,tophalf,50,3,bd9f2858283673a2,2026-08-16T10:47:02,traces/batch/traces/rq1_A5/ea_llm_self_adaptive_api_1364_run2_20260816_104931.json,3857fe24fde19420f3c2246c3d4dd36d650b6ed2bcb6cf0dcd586d0ed100e2da
A5,1364,2,2,ea_llm_self_adaptive,ministral-3:14b,True,True,frozen_uniform,tophalf,50,3,bd9f2858283673a2,2026-08-16T10:49:31,traces/batch/traces/rq1_A5/ea_llm_self_adaptive_api_1364_run3_20260816_115325.json,01fe109b10153e055ab144c100842fea626e99a3759b663e293468325d89b24d
A5,1364,3,3,ea_llm_self_adaptive,ministral-3:14b,True,True,frozen_uniform,tophalf,50,3,bd9f2858283673a2,2026-08-16T11:53:25,traces/batch/traces/rq1_A5/ea_llm_self_adaptive_api_1364_run4_20260816_120701.json,809eddc94fa8f5cadc4bf76aa6ec875709ef63d8882413ac05736de9ebd65f06
A5,1364,4,4,ea_llm_self_adaptive,ministral-3:14b,True,True,frozen_uniform,tophalf,50,3,bd9f2858283673a2,2026-08-16T12:07:01,traces/batch/traces/rq1_A5/ea_llm_self_adaptive_api_1364_run5_20260816_121514.json,7420ef807265594815d46b11f73f895f3533feb65e07c545afc8d9812a6071c7
A5,1365,0,0,ea_llm_self_adaptive,ministral-3:14b,True,True,frozen_uniform,tophalf,50,3,bd9f2858283673a2,2026-08-16T19:02:43,traces/batch/traces/rq1_A5/ea_llm_self_adaptive_api_1365_run1_20260816_190938.json,44c7518e8137399d652dcca89321a884d5c1dac87270149373f973a5e836afc7
A5,1365,1,1,ea_llm_self_adaptive,ministral-3:14b,True,True,frozen_uniform,tophalf,50,3,bd9f2858283673a2,2026-08-16T19:09:38,traces/batch/traces/rq1_A5/ea_llm_self_adaptive_api_1365_run2_20260816_191606.json,f6a4a07596ac67b8db01840d4a119bf697697f27d7cb66ad62a6b02a9d619586
A5,1365,2,2,ea_llm_self_adaptive,ministral-3:14b,True,True,frozen_uniform,tophalf,50,3,bd9f2858283673a2,2026-08-16T19:16:06,traces/batch/traces/rq1_A5/ea_llm_self_adaptive_api_1365_run3_20260816_192638.json,6b1736d0885717a1973be458d5d745b02fd2a81deb659519383c6da0d3bcfa8f
A5,1365,3,3,ea_llm_self_adaptive,ministral-3:14b,True,True,frozen_uniform,tophalf,50,3,bd9f2858283673a2,2026-08-16T19:26:38,traces/batch/traces/rq1_A5/ea_llm_self_adaptive_api_1365_run4_20260816_193710.json,289400d09868ab0be0633ba3c8d2f62a02151674449796f459986fb1ba4bcf9b
A5,1365,4,4,ea_llm_self_adaptive,ministral-3:14b,True,True,frozen_uniform,tophalf,50,3,bd9f2858283673a2,2026-08-16T19:37:10,traces/batch/traces/rq1_A5/ea_llm_self_adaptive_api_1365_run5_20260816_195011.json,2bc059eade3c014a3727c376d8db74b3e90a055d7e98478da76afd6f51a2c256
A5,1372,0,0,ea_llm_self_adaptive,ministral-3:14b,True,True,frozen_uniform,tophalf,50,3,bd9f2858283673a2,2026-08-16T09:32:38,traces/batch/traces/rq1_A5/ea_llm_self_adaptive_api_1372_run1_20260816_093656.json,6300e8f4ecdc8e40411b3d38f20a3267847cb2681296583fe4e93433dfa59d78
A5,1372,1,1,ea_llm_self_adaptive,ministral-3:14b,True,True,frozen_uniform,tophalf,50,3,bd9f2858283673a2,2026-08-16T09:36:56,traces/batch/traces/rq1_A5/ea_llm_self_adaptive_api_1372_run2_20260816_094151.json,582ac392eba44b637a5cd14c2fd819ac12023bff0733427f89b1411ee4ce79b5
A5,1372,2,2,ea_llm_self_adaptive,ministral-3:14b,True,True,frozen_uniform,tophalf,50,3,bd9f2858283673a2,2026-08-16T09:41:51,traces/batch/traces/rq1_A5/ea_llm_self_adaptive_api_1372_run3_20260816_094247.json,ec8ef734fcd63f93aa8ac9a8055f6fcc8add5c3c1786086a787ed0d95f77e423
A5,1372,3,3,ea_llm_self_adaptive,ministral-3:14b,True,True,frozen_uniform,tophalf,50,3,bd9f2858283673a2,2026-08-16T09:42:47,traces/batch/traces/rq1_A5/ea_llm_self_adaptive_api_1372_run4_20260816_094329.json,7cade189a2bce1edb411a1c9d18320e3c7ecc953fd8c4e788cd4de7fdb56db19
A5,1372,4,4,ea_llm_self_adaptive,ministral-3:14b,True,True,frozen_uniform,tophalf,50,3,bd9f2858283673a2,2026-08-16T09:43:29,traces/batch/traces/rq1_A5/ea_llm_self_adaptive_api_1372_run5_20260816_094615.json,7350eb96bbf9f3e5f9e65fc513eacda80cdd9104cdf8bf5f4512c4993d2a468b
A5,1384,0,0,ea_llm_self_adaptive,ministral-3:14b,True,True,frozen_uniform,tophalf,50,3,bd9f2858283673a2,2026-08-16T22:11:40,traces/batch/traces/rq1_A5/ea_llm_self_adaptive_api_1384_run1_20260816_221554.json,e364b62d2a8c17940e0d0c822a5fd9307746dfe1ee61e72176eaaf1ae540d6ec
A5,1384,1,1,ea_llm_self_adaptive,ministral-3:14b,True,True,frozen_uniform,tophalf,50,3,bd9f2858283673a2,2026-08-16T22:15:54,traces/batch/traces/rq1_A5/ea_llm_self_adaptive_api_1384_run2_20260816_222113.json,a5c93b9d717d32d3215a243ac057ea94a15e0332ddcaffaaa06c03b785251c49
A5,1384,2,2,ea_llm_self_adaptive,ministral-3:14b,True,True,frozen_uniform,tophalf,50,3,bd9f2858283673a2,2026-08-16T22:21:13,traces/batch/traces/rq1_A5/ea_llm_self_adaptive_api_1384_run3_20260816_222729.json,b40d1b8e05bf8eb7976fa20c015a9101da8530beb06c934b5bf5fd2f80cda12e
A5,1384,3,3,ea_llm_self_adaptive,ministral-3:14b,True,True,frozen_uniform,tophalf,50,3,bd9f2858283673a2,2026-08-16T22:27:29,traces/batch/traces/rq1_A5/ea_llm_self_adaptive_api_1384_run4_20260816_225855.json,67ac39e702de1611cfff1fc3fc396439b53788d39304b655b018d06fc231005a
A5,1384,4,4,ea_llm_self_adaptive,ministral-3:14b,True,True,frozen_uniform,tophalf,50,3,bd9f2858283673a2,2026-08-16T22:58:55,traces/batch/traces/rq1_A5/ea_llm_self_adaptive_api_1384_run5_20260816_230633.json,eee74dacb563fb12045fef2eac773b5e07da10a775dedd0cb1d92b694d552992
RQ3_random_control,1303,0,0,ea_llm_self_adaptive,qwen3:14b,True,True,frozen_uniform,random,50,3,bd9f2858283673a2,2026-08-12T14:38:03,traces/batch/traces/rq3_random/ea_llm_self_adaptive_api_1303_run1_20260812_145332.json,b636a23180767e819c0878c5181e542823c0f499570501bc40f06b6891736f64
RQ3_random_control,1303,1,1,ea_llm_self_adaptive,qwen3:14b,True,True,frozen_uniform,random,50,3,bd9f2858283673a2,2026-08-12T14:53:32,traces/batch/traces/rq3_random/ea_llm_self_adaptive_api_1303_run2_20260812_164811.json,bb799e5a83d5866997ae02b077c0000ae9c9a7b56c475aa3b44428fa603a23da
RQ3_random_control,1303,2,2,ea_llm_self_adaptive,qwen3:14b,True,True,frozen_uniform,random,50,3,bd9f2858283673a2,2026-08-12T16:48:11,traces/batch/traces/rq3_random/ea_llm_self_adaptive_api_1303_run3_20260812_174036.json,f624d1ac17687cffffe15fe42e1f3b2f90de372031551cdb1bd0ee9dda6914c0
RQ3_random_control,1303,3,3,ea_llm_self_adaptive,qwen3:14b,True,True,frozen_uniform,random,50,3,bd9f2858283673a2,2026-08-12T17:40:36,traces/batch/traces/rq3_random/ea_llm_self_adaptive_api_1303_run4_20260812_193350.json,a80204c4b34bb29eca2ed255657b62d78cb723075a15d23bf84c3b3de20b8678
RQ3_random_control,1303,4,4,ea_llm_self_adaptive,qwen3:14b,True,True,frozen_uniform,random,50,3,bd9f2858283673a2,2026-08-12T19:33:50,traces/batch/traces/rq3_random/ea_llm_self_adaptive_api_1303_run5_20260813_041024.json,d3d58b3f6ef72ba6243d19f99642325c32c968804c82e3eac7a9b41bc31bd8b6
RQ3_random_control,1319,0,0,ea_llm_self_adaptive,qwen3:14b,True,True,frozen_uniform,random,50,3,bd9f2858283673a2,2026-08-12T14:38:03,traces/batch/traces/rq3_random/ea_llm_self_adaptive_api_1319_run1_20260813_015325.json,b73ada076ac001f264563d7ed5e5c137f660b454950c68c105fdc9a6a4a13a19
RQ3_random_control,1319,1,1,ea_llm_self_adaptive,qwen3:14b,True,True,frozen_uniform,random,50,3,bd9f2858283673a2,2026-08-13T01:53:25,traces/batch/traces/rq3_random/ea_llm_self_adaptive_api_1319_run2_20260813_124620.json,b6870a477d2b3481b79934a24e2a375064561b5149712e9bc59d611c27b3fa27
RQ3_random_control,1319,2,2,ea_llm_self_adaptive,qwen3:14b,True,True,frozen_uniform,random,50,3,bd9f2858283673a2,2026-08-13T14:56:10,traces/batch/traces/rq3_random/ea_llm_self_adaptive_api_1319_run3_20260813_224816.json,025f4e08bfefac7400fdc9f7eac533f718c8f87ed68bc63111049754f420ad7c
RQ3_random_control,1319,3,3,ea_llm_self_adaptive,qwen3:14b,True,True,frozen_uniform,random,50,3,bd9f2858283673a2,2026-08-13T22:48:16,traces/batch/traces/rq3_random/ea_llm_self_adaptive_api_1319_run4_20260814_111325.json,323def2d6f5dcff1e62ddcd7cd330cf8d568b1031259ba377b42f1a44c757793
RQ3_random_control,1319,4,4,ea_llm_self_adaptive,qwen3:14b,True,True,frozen_uniform,random,50,3,bd9f2858283673a2,2026-08-15T12:58:49,traces/batch/traces/rq3_random/ea_llm_self_adaptive_api_1319_run5_20260816_003909.json,da627d0c05c72848d509a26ddba2fb148916bfed2992fee963beecfdb170b7e6
RQ3_random_control,1372,0,0,ea_llm_self_adaptive,qwen3:14b,True,True,frozen_uniform,random,50,3,bd9f2858283673a2,2026-08-12T15:05:01,traces/batch/traces/rq3_random/ea_llm_self_adaptive_api_1372_run1_20260812_165635.json,15fb6225eb7c3cfacda096e7eaa4d17acd1c82a1af8c5ad7aba3bb7ab09db646
RQ3_random_control,1372,1,1,ea_llm_self_adaptive,qwen3:14b,True,True,frozen_uniform,random,50,3,bd9f2858283673a2,2026-08-12T16:56:35,traces/batch/traces/rq3_random/ea_llm_self_adaptive_api_1372_run2_20260812_180852.json,0cf40d42d1811df435b2c21b7e152062a5783b23123d107b122f2639e0712ebe
RQ3_random_control,1372,2,2,ea_llm_self_adaptive,qwen3:14b,True,True,frozen_uniform,random,50,3,bd9f2858283673a2,2026-08-12T18:08:52,traces/batch/traces/rq3_random/ea_llm_self_adaptive_api_1372_run3_20260812_183524.json,728495cbee92e4506c4e664d8aa4466a85330a431104737c787eb3b44520d77f
RQ3_random_control,1372,3,3,ea_llm_self_adaptive,qwen3:14b,True,True,frozen_uniform,random,50,3,bd9f2858283673a2,2026-08-12T18:35:25,traces/batch/traces/rq3_random/ea_llm_self_adaptive_api_1372_run4_20260812_191010.json,6b0df3e8b71df514dd777e5940a6435774bfd85cff4f42792da60af49118dd7c
RQ3_random_control,1372,4,4,ea_llm_self_adaptive,qwen3:14b,True,True,frozen_uniform,random,50,3,bd9f2858283673a2,2026-08-12T19:10:10,traces/batch/traces/rq3_random/ea_llm_self_adaptive_api_1372_run5_20260812_194341.json,1d11dbd91c0e3226888b18ad37a75f9d76d0a02a347af261319329567649c9a6
